{"cameraMode":{"drawMode":0,"name":"Shaded","section":"Shading Mode"},"sceneLighting":true,"audioPlay":false,"sceneViewState":{"m_AlwaysRefresh":false,"showFog":true,"showSkybox":true,"showFlares":true,"showImageEffects":true,"showParticleSystems":true,"showVisualEffectGraphs":true,"m_FxEnabled":true},"in2DMode":false,"pivot":{"x":-1.2275493144989014,"y":-0.45686307549476626,"z":-1.6613370180130005},"rotation":{"x":-0.04247792810201645,"y":0.9422678351402283,"z":-0.13116218149662019,"w":-0.3051612973213196},"size":1.7603294849395753,"orthographic":false}