{"cameraMode":{"drawMode":0,"name":"Shaded","section":"Shading Mode"},"sceneLighting":true,"audioPlay":false,"sceneViewState":{"m_AlwaysRefresh":false,"showFog":true,"showSkybox":true,"showFlares":true,"showImageEffects":true,"showParticleSystems":true,"showVisualEffectGraphs":true,"m_FxEnabled":true},"in2DMode":false,"pivot":{"x":0.08749551326036453,"y":-0.054103560745716098,"z":0.2872519791126251},"rotation":{"x":0.21281743049621583,"y":-0.6550545692443848,"z":0.20005984604358674,"w":0.696834921836853},"size":1.7603294849395753,"orthographic":false}